,Rank,Category,title,subscriber,view,video
0,1,[음악/댄스/가수],BLACKPINK,454만,8억3911만,803개
1,2,[음악/댄스/가수],BANGTANTV,454만,8억3911만,803개
2,3,[음악/댄스/가수],HYBE LABELS,454만,8억3911만,803개
3,4,[음악/댄스/가수],SMTOWN,454만,8억3911만,803개
4,5,[키즈/어린이],Boram Tube Vlog [보람튜브 브이로그],454만,8억3911만,803개
5,6,[음악/댄스/가수],JYP Entertainment,454만,8억3911만,803개
6,7,[음악/댄스/가수],1MILLION Dance Studio,454만,8억3911만,803개
7,8,[음악/댄스/가수],1theK (원더케이),454만,8억3911만,803개
8,9,[음악/댄스/가수],Mnet K-POP,454만,8억3911만,803개
9,10,[TV/방송],KBS WORLD TV,454만,8억3911만,803개
10,11,[음악/댄스/가수],officialpsy,454만,8억3911만,803개
11,12,[음악/댄스/가수],JFlaMusic,454만,8억3911만,803개
12,13,[음식/요리/레시피],Jane ASMR 제인,454만,8억3911만,803개
13,14,[음악/댄스/가수],TWICE,454만,8억3911만,803개
14,15,[음악/댄스/가수],BIGBANG,454만,8억3911만,803개
15,16,[음식/요리/레시피],Hongyu ASMR 홍유,454만,8억3911만,803개
16,17,[키즈/어린이],Boram Tube ToysReview [보람튜브 토이리뷰],454만,8억3911만,803개
17,18,[키즈/어린이],BIBO와 장난감,454만,8억3911만,803개
18,19,[음악/댄스/가수],Stray Kids,454만,8억3911만,803개
19,20,[키즈/어린이],핑크퐁 (인기 동요・동화),454만,8억3911만,803개
20,21,[음식/요리/레시피],[햄지]Hamzy,454만,8억3911만,803개
21,22,[키즈/어린이],서은일상이야기,454만,8억3911만,803개
22,23,[키즈/어린이],Toymong tv 토이몽TV,454만,8억3911만,803개
23,24,[키즈/어린이],DuDuPopTOY,454만,8억3911만,803개
24,25,[음악/댄스/가수],Stone Music Entertainment,454만,8억3911만,803개
25,26,[TV/방송],MBCkpop,454만,8억3911만,803개
26,27,[음악/댄스/가수],TOMORROW X TOGETHER OFFICIAL,454만,8억3911만,803개
27,28,[키즈/어린이],Larva TUBA,454만,8억3911만,803개
28,29,[키즈/어린이],서은이야기[SeoeunStory],454만,8억3911만,803개
29,30,[음식/요리/레시피],쏘영 Ssoyoung,454만,8억3911만,803개
30,31,[음악/댄스/가수],EXO,454만,8억3911만,803개
31,32,[음악/댄스/가수],Mnet TV,454만,8억3911만,803개
32,33,[키즈/어린이],Boram Tube [宝蓝和朋友们],454만,8억3911만,803개
33,34,[뉴스/정치/사회],MBCentertainment,454만,8억3911만,803개
34,35,[음악/댄스/가수],SEVENTEEN,454만,8억3911만,803개
35,36,[TV/방송],M2,454만,8억3911만,803개
36,37,[음악/댄스/가수],iKON,454만,8억3911만,803개
37,38,[음식/요리/레시피],문복희 Eat with Boki,454만,8억3911만,803개
38,39,[해외],Serie A,454만,8억3911만,803개
39,40,[음악/댄스/가수],이지금 [IU Official],454만,8억3911만,803개
40,41,[음악/댄스/가수],ITZY,454만,8억3911만,803개
41,42,[키즈/어린이],MariAndKids,454만,8억3911만,803개
42,43,[음식/요리/레시피],tzuyang쯔양,454만,8억3911만,803개
43,44,[뉴스/정치/사회],JTBC Entertainment,454만,8억3911만,803개
44,45,[TV/방송],KBS Kpop,454만,8억3911만,803개
45,46,[키즈/어린이],SonicToy소닉토이,454만,8억3911만,803개
46,47,[음식/요리/레시피],야미보이 Yummyboy,454만,8억3911만,803개
47,48,[음악/댄스/가수],YG ENTERTAINMENT,454만,8억3911만,803개
48,49,[음악/댄스/가수],ENHYPEN,454만,8억3911만,803개
49,50,[TV/방송],스브스케이팝 X INKIGAYO,454만,8억3911만,803개
50,51,[음악/댄스/가수],Sungha Jung,454만,8억3911만,803개
51,52,[미분류],GH'S,454만,8억3911만,803개
52,53,[음악/댄스/가수],MAMAMOO,454만,8억3911만,803개
53,54,[키즈/어린이],미니특공대TV,454만,8억3911만,803개
54,55,[음악/댄스/가수],ALL THE K-POP,454만,8억3911만,803개
55,56,[회사/오피셜],YouTube Originals,454만,8억3911만,803개
56,57,[TV/방송],SBS Entertainment,454만,8억3911만,803개
57,58,[음악/댄스/가수],TREASURE (트레저),454만,8억3911만,803개
58,59,[키즈/어린이],[장난감티비]TOYTV,454만,8억3911만,803개
59,60,[TV/방송],tvN drama,454만,8억3911만,803개
60,61,[TV/방송],SBS Drama,454만,8억3911만,803개
61,62,[음악/댄스/가수],GOT7,454만,8억3911만,803개
62,63,[회사/오피셜],Samsung,454만,8억3911만,803개
63,64,[패션/미용],PONY Syndrome,454만,8억3911만,803개
64,65,[키즈/어린이],With Kids Playground [위드키즈 놀이터],454만,8억3911만,803개
65,66,[음식/요리/레시피],5 분 Tricks,454만,8억3911만,803개
66,67,[키즈/어린이],PinkyPopTOY,454만,8억3911만,803개
67,68,[음악/댄스/가수],starshipTV,454만,8억3911만,803개
68,69,[음식/요리/레시피],백종원 PAIK JONG WON,454만,8억3911만,803개
69,70,[음악/댄스/가수],NCT,454만,8억3911만,803개
70,71,[음악/댄스/가수],NCT DREAM,454만,8억3911만,803개
71,72,[키즈/어린이],스위트티비 SweetTV,454만,8억3911만,803개
72,73,[음악/댄스/가수],2NE1,454만,8억3911만,803개
73,74,[BJ/인물/연예인],영국남자 Korean Englishman,454만,8억3911만,803개
74,75,[키즈/어린이],미니팡TV,454만,8억3911만,803개
75,76,[미분류],MayTree,454만,8억3911만,803개
76,77,[음악/댄스/가수],Rosesarerosie,454만,8억3911만,803개
77,78,[키즈/어린이],TOY GUMA,454만,8억3911만,803개
78,79,[키즈/어린이],베이비버스 -인기 동요・동화,454만,8억3911만,803개
79,80,[음식/요리/레시피],푸메Fume,454만,8억3911만,803개
80,81,[음악/댄스/가수],Red Velvet,454만,8억3911만,803개
81,82,[키즈/어린이],콩순이 Kongsuni,454만,8억3911만,803개
82,83,[뉴스/정치/사회],SBS NOW / SBS 공식 채널,454만,8억3911만,803개
83,84,[BJ/인물/연예인],[Awesome Haeun]어썸하은,454만,8억3911만,803개
84,85,[음악/댄스/가수],BT21,454만,8억3911만,803개
85,86,[음악/댄스/가수],NCT 127,454만,8억3911만,803개
86,87,[TV/방송],채널 십오야,454만,8억3911만,803개
87,88,[TV/방송],KBS Entertain,454만,8억3911만,803개
88,89,[TV/방송],MBCdrama,454만,8억3911만,803개
89,90,[음악/댄스/가수],(G)I-DLE (여자)아이들 (Official YouTube Channel),454만,8억3911만,803개
90,91,[키즈/어린이],ToyMart TV,454만,8억3911만,803개
91,92,[음식/요리/레시피],떵개떵,454만,8억3911만,803개
92,93,[음악/댄스/가수],ASTRO 아스트로,454만,8억3911만,803개
93,94,[애완/반려동물],SBS TV동물농장x애니멀봐,454만,8억3911만,803개
94,95,[키즈/어린이],뽀로로(Pororo),454만,8억3911만,803개
95,96,[TV/방송],JTBC Drama,454만,8억3911만,803개
96,97,[키즈/어린이],CoCosToy 꼬꼬스토이,454만,8억3911만,803개
97,98,[음식/요리/레시피],Cooking tree 쿠킹트리,454만,8억3911만,803개
98,99,[음식/요리/레시피],까니짱 [ G-NI : 蟹ちゃん],454만,8억3911만,803개
99,100,[게임],EA SPORTS FIFA,454만,8억3911만,803개
100,101,[TV/방송],채널 NCT DAILY,454만,8억3911만,803개
101,102,[미분류],매일맛나 delicious day,454만,8억3911만,803개
102,103,[음식/요리/레시피],하루한끼 one meal a day,454만,8억3911만,803개
103,104,[키즈/어린이],슈슈토이 Shushu ToysReview,454만,8억3911만,803개
104,105,[음악/댄스/가수],Raon,454만,8억3911만,803개
105,106,[취미/라이프],JaeYeol ASMR 재열,454만,8억3911만,803개
106,107,[음악/댄스/가수],STUDIO CHOOM [스튜디오 춤],454만,8억3911만,803개
107,108,[TV/방송],딩고 뮤직 / dingo music,454만,8억3911만,803개
108,109,[키즈/어린이],유별나 youbyulna,454만,8억3911만,803개
109,110,[TV/방송],tvN D ENT,454만,8억3911만,803개
110,111,[음식/요리/레시피],[Dorothy]도로시,454만,8억3911만,803개
111,112,[BJ/인물/연예인],허팝Heopop,454만,8억3911만,803개
112,113,[음악/댄스/가수],WINNER,454만,8억3911만,803개
113,114,[음식/요리/레시피],ZOEY ASMR 조이,454만,8억3911만,803개
114,115,[BJ/인물/연예인],ARTBEAT,454만,8억3911만,803개
115,116,[키즈/어린이],키즈팡TV,454만,8억3911만,803개
116,117,[TV/방송],워크맨-Workman,454만,8억3911만,803개
117,118,[키즈/어린이],Romiyu Vlog로미유 브이로그,454만,8억3911만,803개
118,119,[키즈/어린이],제이제이 튜브 [JJ Tube],454만,8억3911만,803개
119,120,[TV/방송],TV-People,454만,8억3911만,803개
120,121,[키즈/어린이],EVANS,454만,8억3911만,803개
121,122,[TV/방송],KBS Drama,454만,8억3911만,803개
122,123,[음악/댄스/가수],Jessi,454만,8억3911만,803개
123,124,[키즈/어린이],Lime Tube[라임튜브],454만,8억3911만,803개
124,125,[미분류],Juventus,454만,8억3911만,803개
125,126,[뉴스/정치/사회],YTN,454만,8억3911만,803개
126,127,[음식/요리/레시피],푸드킹덤 Food Kingdom,454만,8억3911만,803개
127,128,[애완/반려동물],크림히어로즈,454만,8억3911만,803개
128,129,[BJ/인물/연예인],waveya 2011,454만,8억3911만,803개
129,130,[취미/라이프],drawholic,454만,8억3911만,803개
130,131,[음악/댄스/가수],백현 Baekhyun,454만,8억3911만,803개
131,132,[회사/오피셜],Billboard,454만,8억3911만,803개
132,133,[TV/방송],tvN,454만,8억3911만,803개
133,134,[키즈/어린이],Milana FamilyShow[EN],454만,8억3911만,803개
134,135,[키즈/어린이],English Singsing,454만,8억3911만,803개
135,136,[TV/방송],JTBC Voyage,454만,8억3911만,803개
136,137,[키즈/어린이],Boram y Juguetes,454만,8억3911만,803개
137,138,[음악/댄스/가수],imlisarhee,454만,8억3911만,803개
138,139,[음악/댄스/가수],KARD,454만,8억3911만,803개
139,140,[영화/만화/애니],장삐쭈,454만,8억3911만,803개
140,141,[키즈/어린이],헤이지니 Hey Jini,454만,8억3911만,803개
141,142,[TV/방송],솔라시도 solarsido,454만,8억3911만,803개
142,143,[키즈/어린이],Like Nastya KOR,454만,8억3911만,803개
143,144,[음식/요리/레시피],Chihun ASMR 치훈,454만,8억3911만,803개
144,145,[TV/방송],옛드 : MBC 레전드 드라마,454만,8억3911만,803개
145,146,[키즈/어린이],EBS 키즈,454만,8억3911만,803개
146,147,[키즈/어린이],리월드RIWORLD,454만,8억3911만,803개
147,148,[키즈/어린이],럭키강이 LuckyKang i,454만,8억3911만,803개
148,149,[BJ/인물/연예인],보겸TV,454만,8억3911만,803개
149,150,[음악/댄스/가수],JAY PARK,454만,8억3911만,803개
150,151,[키즈/어린이],Boys Playtime,454만,8억3911만,803개
151,152,[취미/라이프],사나고 Sanago,454만,8억3911만,803개
152,153,[음식/요리/레시피],유디티TV,454만,8억3911만,803개
153,154,[음악/댄스/가수],HyunA,454만,8억3911만,803개
154,155,[키즈/어린이],MariAndToys,454만,8억3911만,803개
155,156,[뉴스/정치/사회],SBS 뉴스,454만,8억3911만,803개
156,157,[키즈/어린이],Adventure Story 어드벤처 스토리,454만,8억3911만,803개
157,158,[취미/라이프],odg,454만,8억3911만,803개
158,159,[게임],소맥거핀,454만,8억3911만,803개
159,160,[키즈/어린이],Bob ToysReview,454만,8억3911만,803개
160,161,[스포츠/운동],피지컬갤러리,454만,8억3911만,803개
161,162,[취미/라이프],Thankyou BUBU,454만,8억3911만,803개
162,163,[TV/방송],ATEEZ,454만,8억3911만,803개
163,164,[TV/방송],EBSDocumentary (EBS 다큐),454만,8억3911만,803개
164,165,[음식/요리/레시피],FRAN,454만,8억3911만,803개
165,166,[음악/댄스/가수],THEBLACKLABEL,454만,8억3911만,803개
166,167,[TV/방송],런닝맨 - 스브스 공식 채널,454만,8억3911만,803개
167,168,[뉴스/정치/사회],MBCNEWS,454만,8억3911만,803개
168,169,[뉴스/정치/사회],TVCHOSUN - TV조선,454만,8억3911만,803개
169,170,[BJ/인물/연예인],JOLLY,454만,8억3911만,803개
170,171,[미분류],행복지수 103%,454만,8억3911만,803개
171,172,[음식/요리/레시피],애정 Aejeong,454만,8억3911만,803개
172,173,[음악/댄스/가수],새송 Saesong,454만,8억3911만,803개
173,174,[음식/요리/레시피],지현꿍,454만,8억3911만,803개
174,175,[키즈/어린이],꼬마버스 타요,454만,8억3911만,803개
175,176,[음악/댄스/가수],GIRLS' GENERATION,454만,8억3911만,803개
176,177,[뉴스/정치/사회],SBS Catch,454만,8억3911만,803개
177,178,[음식/요리/레시피],양수빈,454만,8억3911만,803개
178,179,[취미/라이프],팬케이Pan K The Pancake Artist,454만,8억3911만,803개
179,180,[음악/댄스/가수],AKMU,454만,8억3911만,803개
180,181,[BJ/인물/연예인],International Couple[사샤와 제이],454만,8억3911만,803개
181,182,[스포츠/운동],김종국 GYM JONG KOOK,454만,8억3911만,803개
182,183,[음식/요리/레시피],나도Nado,454만,8억3911만,803개
183,184,[음식/요리/레시피],한세 HANSE,454만,8억3911만,803개
184,185,[TV/방송],옐언니,454만,8억3911만,803개
185,186,[음식/요리/레시피],흥삼이네 Heungsam's Family,454만,8억3911만,803개
186,187,[뉴스/정치/사회],JTBC News,454만,8억3911만,803개
187,188,[영화/만화/애니],지무비 : G Movie,454만,8억3911만,803개
188,189,[BJ/인물/연예인],진용진,454만,8억3911만,803개
189,190,[취미/라이프],ASMR PPOMO,454만,8억3911만,803개
190,191,[미분류],승비니 Seungbini,454만,8억3911만,803개
191,192,[해외],The Wiggles,454만,8억3911만,803개
192,193,[키즈/어린이],"토닥토닥 꼬모 - 애니메이션, 동요, 놀이",454만,8억3911만,803개
193,194,[키즈/어린이],보라미TV BoramiTV,454만,8억3911만,803개
194,195,[교육/강의],슈카월드,454만,8억3911만,803개
195,196,[영화/만화/애니],총몇명,454만,8억3911만,803개
196,197,[TV/방송],PLAYLIST ORIGINALS 플레이리스트 오리지널,454만,8억3911만,803개
197,198,[패션/미용],미지우 MEJIWOO,454만,8억3911만,803개
198,199,[BJ/인물/연예인],흔한남매,454만,8억3911만,803개
199,200,[TV/방송],스브스 예능맛집,454만,8억3911만,803개
200,201,[음악/댄스/가수],THE K-POP,454만,8억3911만,803개
201,202,[음악/댄스/가수],MONSTA X,454만,8억3911만,803개
202,203,[음악/댄스/가수],OfficialGDRAGON,454만,8억3911만,803개
203,204,[키즈/어린이],ToyFamily,454만,8억3911만,803개
204,205,[미분류],숏박스,454만,8억3911만,803개
205,206,[영화/만화/애니],짤툰,454만,8억3911만,803개
206,207,[영화/만화/애니],CheezeFilm,454만,8억3911만,803개
207,208,[음악/댄스/가수],SHINee,454만,8억3911만,803개
208,209,[뉴스/정치/사회],채널A 캔버스,454만,8억3911만,803개
209,210,[키즈/어린이],JUN JUN,454만,8억3911만,803개
210,211,[게임],도티 TV,454만,8억3911만,803개
211,212,[음악/댄스/가수],KQ ENTERTAINMENT,454만,8억3911만,803개
212,213,[음악/댄스/가수],mirrorHD,454만,8억3911만,803개
213,214,[미분류],Kep1er,454만,8억3911만,803개
214,215,[TV/방송],디글 :Diggle,454만,8억3911만,803개
215,216,[음악/댄스/가수],SUPER JUNIOR,454만,8억3911만,803개
216,217,[음악/댄스/가수],A-YEON,454만,8억3911만,803개
217,218,[음악/댄스/가수],채널 NCT MUSIC,454만,8억3911만,803개
218,219,[음악/댄스/가수],여자친구 GFRIEND OFFICIAL,454만,8억3911만,803개
219,220,[IT/기술/컴퓨터],ITSub잇섭,454만,8억3911만,803개
220,221,[음악/댄스/가수],United CUBE (CUBE Entertainment Official YouTube Channel),454만,8억3911만,803개
221,222,[BJ/인물/연예인],VIVA DANCE STUDIO,454만,8억3911만,803개
222,223,[음악/댄스/가수],GOT7,454만,8억3911만,803개
223,224,[키즈/어린이],캐릭온 TV,454만,8억3911만,803개
224,225,[키즈/어린이],MariAndFriends,454만,8억3911만,803개
225,226,[음악/댄스/가수],official IZ*ONE,454만,8억3911만,803개
226,227,[음악/댄스/가수],거리노래방,454만,8억3911만,803개
227,228,[패션/미용],RISABAE,454만,8억3911만,803개
228,229,[BJ/인물/연예인],엔조이커플enjoycouple,454만,8억3911만,803개
229,230,[미분류],IVE,454만,8억3911만,803개
230,231,[키즈/어린이],[wonderkids TV] 원더키즈 TV,454만,8억3911만,803개
231,232,[교육/강의],디바제시카DeevaJessica,454만,8억3911만,803개
232,233,[음식/요리/레시피],JerryPop,454만,8억3911만,803개
233,234,[음식/요리/레시피],[Nareum_TV] 나름TV,454만,8억3911만,803개
234,235,[TV/방송],아는형님 Knowingbros,454만,8억3911만,803개
235,236,[키즈/어린이],또봇 · 슈퍼텐 [Tobot · Super10],454만,8억3911만,803개
236,237,[주식/경제/부동산],삼프로TV_경제의신과함께,454만,8억3911만,803개
237,238,[키즈/어린이],토이영어TV - ToyEnglishTV,454만,8억3911만,803개
238,239,[미분류],뽀송한 준_bosungjun,454만,8억3911만,803개
239,240,[게임],감스트GAMST,454만,8억3911만,803개
240,241,[BJ/인물/연예인],해그린달 haegreendal,454만,8억3911만,803개
241,242,[미분류],LE SSERAFIM,454만,8억3911만,803개
242,243,[음악/댄스/가수],채널 NCT DANCE,454만,8억3911만,803개
243,244,[TV/방송],보길 bogil,454만,8억3911만,803개
244,245,[뉴스/정치/사회],디글 클래식 :Diggle Classic,454만,8억3911만,803개
245,246,[미분류],1분요리 뚝딱이형,454만,8억3911만,803개
246,247,[음악/댄스/가수],헨리 Henry Lau,454만,8억3911만,803개
247,248,[음식/요리/레시피],도남이먹방Donam,454만,8억3911만,803개
248,249,[BJ/인물/연예인],와썹맨-Wassup Man,454만,8억3911만,803개
249,250,[영화/만화/애니],고몽,454만,8억3911만,803개
250,251,[음악/댄스/가수],MLD ENTERTAINMENT,454만,8억3911만,803개
251,252,[음악/댄스/가수],AOMGOFFICIAL,454만,8억3911만,803개
252,253,[음악/댄스/가수],4Minute 포미닛(Official YouTube Channel),454만,8억3911만,803개
253,254,[음식/요리/레시피],꿀키honeykki,454만,8억3911만,803개
254,255,[교육/강의],올리버쌤,454만,8억3911만,803개
255,256,[미분류],차린건 쥐뿔도 없지만,454만,8억3911만,803개
256,257,[애완/반려동물],수리노을SuriNoel,454만,8억3911만,803개
257,258,[미분류],NewJeans,454만,8억3911만,803개
258,259,[패션/미용],free지아,454만,8억3911만,803개
259,260,[음악/댄스/가수],CL Official Channel,454만,8억3911만,803개
260,261,[미분류],ROOKIE MING 루키밍,454만,8억3911만,803개
261,262,[뉴스/정치/사회],KBS News,454만,8억3911만,803개
262,263,[미분류],꿀주부 Honeyjubu,454만,8억3911만,803개
263,264,[음식/요리/레시피],밴쯔,454만,8억3911만,803개
264,265,[음식/요리/레시피],이 남자의 cook,454만,8억3911만,803개
265,266,[애완/반려동물],[THE SOY]루퐁이네,454만,8억3911만,803개
266,267,[게임],잠뜰 TV,454만,8억3911만,803개
267,268,[음식/요리/레시피],FoodieBoy 푸디보이,454만,8억3911만,803개
268,269,[애완/반려동물],밀키복이탄이MilkyBokiTan,454만,8억3911만,803개
269,270,[취미/라이프],Imaginative Guy,454만,8억3911만,803개
270,271,[키즈/어린이],캐리TV 장난감친구들,454만,8억3911만,803개
271,272,[TV/방송],dingo freestyle,454만,8억3911만,803개
272,273,[영화/만화/애니],레이디버그TV,454만,8억3911만,803개
273,274,[게임],침착맨,454만,8억3911만,803개
274,275,[BJ/인물/연예인],공대생 변승주 DS,454만,8억3911만,803개
275,276,[음악/댄스/가수],CHEN,454만,8억3911만,803개
276,277,[TV/방송],퇴경아 약먹자,454만,8억3911만,803개
277,278,[음악/댄스/가수],loonatheworld,454만,8억3911만,803개
278,279,[음악/댄스/가수],EXID_OFFICIAL,454만,8억3911만,803개
279,280,[뉴스/정치/사회],채널A 뉴스,454만,8억3911만,803개
280,281,[스포츠/운동],Allblanc TV,454만,8억3911만,803개
281,282,[음악/댄스/가수],woolliment,454만,8억3911만,803개
282,283,[TV/방송],MBN Entertainment,454만,8억3911만,803개
283,284,[음악/댄스/가수],비몽,454만,8억3911만,803개
284,285,[미분류],1theK Originals - 원더케이 오리지널,454만,8억3911만,803개
285,286,[키즈/어린이],Dollightful,454만,8억3911만,803개
286,287,[음악/댄스/가수],THE BOYZ,454만,8억3911만,803개
287,288,[키즈/어린이],WildBrain 한국어,454만,8억3911만,803개
288,289,[음악/댄스/가수],ARIRANG K-POP,454만,8억3911만,803개
289,290,[키즈/어린이],Toy Wizard [토이위자드],454만,8억3911만,803개
290,291,[키즈/어린이],대문밖장덕대,454만,8억3911만,803개
291,292,[뉴스/정치/사회],EBSCulture (EBS 교양),454만,8억3911만,803개
292,293,[음악/댄스/가수],BTOB 비투비 (Official YouTube Channel),454만,8억3911만,803개
293,294,[키즈/어린이],유라야놀자(Let's play YURA),454만,8억3911만,803개
294,295,[키즈/어린이],핑키팝토이,454만,8억3911만,803개
295,296,[키즈/어린이],두두팝토이,454만,8억3911만,803개
296,297,[키즈/어린이],뉴욕이네,454만,8억3911만,803개
297,298,[음악/댄스/가수],DAY6,454만,8억3911만,803개
298,299,[TV/방송],문명특급 - MMTG,454만,8억3911만,803개
299,300,[TV/방송],tvN D STUDIO,454만,8억3911만,803개
300,301,[키즈/어린이],Lime Doodles,454만,8억3911만,803개
301,302,[TV/방송],오킹TV,454만,8억3911만,803개
302,303,[키즈/어린이],자이언트 펭TV,454만,8억3911만,803개
303,304,[음악/댄스/가수],셀프어쿠스틱selfacoustic,454만,8억3911만,803개
304,305,[키즈/어린이],Clay Adventure 클레이 모험,454만,8억3911만,803개
305,306,[패션/미용],Wishtrend TV,454만,8억3911만,803개
306,307,[스포츠/운동],SPOTV,454만,8억3911만,803개
307,308,[미분류],Stray Kids Japan Official Youtube,454만,8억3911만,803개
308,309,[BJ/인물/연예인],[상윤쓰]Sangyoon,454만,8억3911만,803개
309,310,[취미/라이프],피식대학Psick Univ,454만,8억3911만,803개
310,311,[교육/강의],데이브 World of Dave,454만,8억3911만,803개
311,312,[IT/기술/컴퓨터],밝은 면 Bright Side Korea,454만,8억3911만,803개
312,313,[TV/방송],KBS 한국방송,454만,8억3911만,803개
313,314,[미분류],CRAZY GREAPA,454만,8억3911만,803개
314,315,[미분류],1분미만,454만,8억3911만,803개
315,316,[애완/반려동물],내셔널지오그래픽 - National Geographic Korea,454만,8억3911만,803개
316,317,[음식/요리/레시피],입짧은햇님,454만,8억3911만,803개
317,318,[음식/요리/레시피],ASMR Suna 꿀꿀선아,454만,8억3911만,803개
318,319,[키즈/어린이],꾹TV(Kkuk TV),454만,8억3911만,803개
319,320,[미분류],Jung Kook - Topic,454만,8억3911만,803개
320,321,[뉴스/정치/사회],진성호방송,454만,8억3911만,803개
321,322,[패션/미용],조효진 HYOJIN,454만,8억3911만,803개
322,323,[교육/강의],jannahkorea 잔나코리아,454만,8억3911만,803개
323,324,[음악/댄스/가수],FNCEnt,454만,8억3911만,803개
324,325,[미분류],사피엔스 스튜디오,454만,8억3911만,803개
325,326,[음악/댄스/가수],OfficialLEEHI,454만,8억3911만,803개
326,327,[BJ/인물/연예인],보물섬,454만,8억3911만,803개
327,328,[주식/경제/부동산],신사임당,454만,8억3911만,803개
328,329,[음악/댄스/가수],SUGA - Topic,454만,8억3911만,803개
329,330,[음악/댄스/가수],DJ SODA OFFICIAL,454만,8억3911만,803개
330,331,[키즈/어린이],Zorip - Nursery Rhymes,454만,8억3911만,803개
331,332,[키즈/어린이],seohyun toys [서현토이즈],454만,8억3911만,803개
332,333,[게임],악동 김블루,454만,8억3911만,803개
333,334,[TV/방송],콬TV,454만,8억3911만,803개
334,335,[애완/반려동물],슈앤트리 SHU AND TREE,454만,8억3911만,803개
335,336,[TV/방송],INTHESOOP_TV,454만,8억3911만,803개
336,337,[키즈/어린이],티디키즈 (인기 동요・동화),454만,8억3911만,803개
337,338,[키즈/어린이],깨비키즈 [KEBIKIDS],454만,8억3911만,803개
338,339,[음악/댄스/가수],시즌비시즌 Season B Season,454만,8억3911만,803개
339,340,[게임],혜안,454만,8억3911만,803개
340,341,[음악/댄스/가수],PENTAGON 펜타곤 (Official YouTube Channel),454만,8억3911만,803개
341,342,[뉴스/정치/사회],세바시 강연 Sebasi Talk,454만,8억3911만,803개
342,343,[음악/댄스/가수],Daily Busking,454만,8억3911만,803개
343,344,[취미/라이프],낄낄상회,454만,8억3911만,803개
344,345,[TV/방송],KBS HUMAN: 뭉클티비,454만,8억3911만,803개
345,346,[키즈/어린이],지니키즈 Genikids (인기 동요・동화),454만,8억3911만,803개
346,347,[음식/요리/레시피],HONG SOUND,454만,8억3911만,803개
347,348,[게임],T1 Faker,454만,8억3911만,803개
348,349,[BJ/인물/연예인],더블비,454만,8억3911만,803개
349,350,[게임],양띵 유튜브,454만,8억3911만,803개
350,351,[뉴스/정치/사회],KBS Drama Classic,454만,8억3911만,803개
351,352,[음식/요리/레시피],승우아빠,454만,8억3911만,803개
352,353,[TV/방송],조재원,454만,8억3911만,803개
353,354,[음악/댄스/가수],DOJIN도진이,454만,8억3911만,803개
354,355,[음악/댄스/가수],워너뮤직코리아 (Warner Music Korea),454만,8억3911만,803개
355,356,[TV/방송],14F 일사에프,454만,8억3911만,803개
356,357,[TV/방송],한문철 TV,454만,8억3911만,803개
357,358,[패션/미용],이수현 Official,454만,8억3911만,803개
358,359,[뉴스/정치/사회],SBS STORY,454만,8억3911만,803개
359,360,[미분류],엠뚜루마뚜루 : MBC 공식 종합 채널,454만,8억3911만,803개
360,361,[음식/요리/레시피],ETTV 이티티비,454만,8억3911만,803개
361,362,[음악/댄스/가수],Dreamcatcher official,454만,8억3911만,803개
362,363,[교육/강의],스터디언,454만,8억3911만,803개
363,364,[미분류],Christian Dior,454만,8억3911만,803개
364,365,[미분류],planD플랜디,454만,8억3911만,803개
365,366,[키즈/어린이],Super JoJo-인기동요,454만,8억3911만,803개
366,367,[미분류],NMIXX,454만,8억3911만,803개
367,368,[음악/댄스/가수],NU'EST,454만,8억3911만,803개
368,369,[게임],우주하마,454만,8억3911만,803개
369,370,[음악/댄스/가수],버블디아,454만,8억3911만,803개
370,371,[BJ/인물/연예인],웃소 Wootso,454만,8억3911만,803개
371,372,[TV/방송],MKTV 김미경TV,454만,8억3911만,803개
372,373,[게임],뜨뜨뜨뜨,454만,8억3911만,803개
373,374,[게임],김재원의 즐거운 세상,454만,8억3911만,803개
374,375,[키즈/어린이],브라보키즈,454만,8억3911만,803개
375,376,[교육/강의],Talk To Me In Korean,454만,8억3911만,803개
376,377,[게임],대도서관TV (buzzbean11),454만,8억3911만,803개
377,378,[BJ/인물/연예인],JAYKEEOUT,454만,8억3911만,803개
378,379,[미분류],김작가 TV,454만,8억3911만,803개
379,380,[BJ/인물/연예인],혜리,454만,8억3911만,803개
380,381,[음악/댄스/가수],Lemoring,454만,8억3911만,803개
381,382,[음식/요리/레시피],칩chip,454만,8억3911만,803개
382,383,[교육/강의],seemile Korean,454만,8억3911만,803개
383,384,[음식/요리/레시피],슈기님,454만,8억3911만,803개
384,385,[TV/방송],Beginagain 비긴어게인,454만,8억3911만,803개
385,386,[뉴스/정치/사회],KBS 다큐,454만,8억3911만,803개
386,387,[뉴스/정치/사회],뉴스TVCHOSUN,454만,8억3911만,803개
387,388,[키즈/어린이],Edu car toy school,454만,8억3911만,803개
388,389,[음식/요리/레시피],파뿌리,454만,8억3911만,803개
389,390,[뉴스/정치/사회],MBN News,454만,8억3911만,803개
390,391,[영화/만화/애니],김시선,454만,8억3911만,803개
391,392,[게임],태경 TV,454만,8억3911만,803개
392,393,[교육/강의],조승연의 탐구생활,454만,8억3911만,803개
393,394,[교육/강의],사물궁이 잡학지식,454만,8억3911만,803개
394,395,[키즈/어린이],리콩수콩RikongSukong,454만,8억3911만,803개
395,396,[TV/방송],동네놈들,454만,8억3911만,803개
396,397,[키즈/어린이],헬로카봇 - hello carbot official,454만,8억3911만,803개
397,398,[TV/방송],그것이 알고싶다,454만,8억3911만,803개
398,399,[회사/오피셜],미스&미스터트롯,454만,8억3911만,803개
399,400,[음악/댄스/가수],선미 SUNMI,454만,8억3911만,803개
400,401,[음식/요리/레시피],최고다윽박,454만,8억3911만,803개
401,402,[미분류],너덜트,454만,8억3911만,803개
402,403,[음악/댄스/가수],Chuther츄더[문에스더],454만,8억3911만,803개
403,404,[게임],우왁굳의 게임방송,454만,8억3911만,803개
404,405,[TV/방송],Mera,454만,8억3911만,803개
405,406,[미분류],STAYC,454만,8억3911만,803개
406,407,[미분류],CHUNG HA_Official,454만,8억3911만,803개
407,408,[IT/기술/컴퓨터],약사가 들려주는 약 이야기,454만,8억3911만,803개
408,409,[음악/댄스/가수],ONEUS,454만,8억3911만,803개
409,410,[패션/미용],ssin 씬님,454만,8억3911만,803개
410,411,[애완/반려동물],강형욱의 보듬TV,454만,8억3911만,803개
411,412,[뉴스/정치/사회],신의한수,454만,8억3911만,803개
412,413,[키즈/어린이],키글TV - 키즈 앱・장난감,454만,8억3911만,803개
413,414,[BJ/인물/연예인],임영웅,454만,8억3911만,803개
414,415,[TV/방송],안구정화티비 Your Korean Friend Angoo,454만,8억3911만,803개
415,416,[TV/방송],BLACKHAND,454만,8억3911만,803개
416,417,[음악/댄스/가수],TJ KARAOKE TJ 노래방 공식 유튜브채널,454만,8억3911만,803개
417,418,[음악/댄스/가수],GENIE MUSIC,454만,8억3911만,803개
418,419,[미분류],스튜디오 와플 - STUDIO WAFFLE,454만,8억3911만,803개
419,420,[음식/요리/레시피],히밥heebab,454만,8억3911만,803개
420,421,[TV/방송],오분순삭,454만,8억3911만,803개
421,422,[음악/댄스/가수],Apink (에이핑크),454만,8억3911만,803개
422,423,[TV/방송],디스커버리 서바이벌 - Discovery Survival,454만,8억3911만,803개
423,424,[국내/해외/여행],빠니보틀 Pani Bottle,454만,8억3911만,803개
424,425,[뉴스/정치/사회],TBS 시민의방송,454만,8억3911만,803개
425,426,[BJ/인물/연예인],양팡 YangPang,454만,8억3911만,803개
426,427,[미분류],김소형 채널H,454만,8억3911만,803개
427,428,[BJ/인물/연예인],신세경 sjkuksee,454만,8억3911만,803개
428,429,[음악/댄스/가수],TAEYANG,454만,8억3911만,803개
429,430,[음식/요리/레시피],취미로 요리하는 남자 Yonam,454만,8억3911만,803개
430,431,[음악/댄스/가수],K-Tigers TV,454만,8억3911만,803개
431,432,[음식/요리/레시피],엠브로 MBRO,454만,8억3911만,803개
432,433,[음식/요리/레시피],ARIKITCHEN (아리키친),454만,8억3911만,803개
433,434,[스포츠/운동],슛포러브,454만,8억3911만,803개
434,435,[키즈/어린이],리틀엔젤 인기동요 어린이노래 - Little Angel,454만,8억3911만,803개
435,436,[미분류],땅콩 Peanut,454만,8억3911만,803개
436,437,[TV/방송],sNack!,454만,8억3911만,803개
437,438,[BJ/인물/연예인],급식왕,454만,8억3911만,803개
438,439,[음악/댄스/가수],MOVE Dance Studio,454만,8억3911만,803개
439,440,[애완/반려동물],크집사,454만,8억3911만,803개
440,441,[음악/댄스/가수],2PM,454만,8억3911만,803개
441,442,[TV/방송],놀면 뭐하니?,454만,8억3911만,803개
442,443,[뉴스/정치/사회],오마이TV,454만,8억3911만,803개
443,444,[영화/만화/애니],Netflix Korea 넷플릭스 코리아,454만,8억3911만,803개
444,445,[음악/댄스/가수],BEAST 비스트 (Official YouTube Channel),454만,8억3911만,803개
445,446,[BJ/인물/연예인],NALU,454만,8억3911만,803개
446,447,[미분류],고누리,454만,8억3911만,803개
447,448,[음악/댄스/가수],Rock Music,454만,8억3911만,803개
448,449,[영화/만화/애니],리뷰엉이: Owl's Review,454만,8억3911만,803개
449,450,[음식/요리/레시피],산적TV 밥굽남,454만,8억3911만,803개
450,451,[스포츠/운동],힙으뜸,454만,8억3911만,803개
451,452,[TV/방송],KBS CoolFM,454만,8억3911만,803개
452,453,[TV/방송],우와한 비디오,454만,8억3911만,803개
453,454,[패션/미용],kiu기우쌤,454만,8억3911만,803개
454,455,[TV/방송],Solfa,454만,8억3911만,803개
455,456,[미분류],자취요리신 simple cooking,454만,8억3911만,803개
456,457,[음악/댄스/가수],Prepix Dance Studio,454만,8억3911만,803개
457,458,[음식/요리/레시피],먹어볼래TryToEat,454만,8억3911만,803개
458,459,[BJ/인물/연예인],철구형 (CHULTUBE),454만,8억3911만,803개
459,460,[TV/방송],모비딕 Mobidic,454만,8억3911만,803개
460,461,[음악/댄스/가수],지켜츄 Chuu Can Do It,454만,8억3911만,803개
461,462,[TV/방송],키에커,454만,8억3911만,803개
462,463,[음악/댄스/가수],SEVENTEEN Japan official Youtube,454만,8억3911만,803개
463,464,[미분류],김대석 셰프TV,454만,8억3911만,803개
464,465,[TV/방송],스튜디오 잼스터,454만,8억3911만,803개
465,466,[BJ/인물/연예인],장지수,454만,8억3911만,803개
466,467,[미분류],7FATES: CHAKHO by HYBE,454만,8억3911만,803개
467,468,[미분류],주부나라,454만,8억3911만,803개
468,469,[TV/방송],달라스튜디오,454만,8억3911만,803개
469,470,[TV/방송],it's Live,454만,8억3911만,803개
470,471,[음악/댄스/가수],AOA,454만,8억3911만,803개
471,472,[뉴스/정치/사회],사람사는세상노무현재단,454만,8억3911만,803개
472,473,[BJ/인물/연예인],임다TV,454만,8억3911만,803개
473,474,[BJ/인물/연예인],정선호,454만,8억3911만,803개
474,475,[TV/방송],DGG,454만,8억3911만,803개
475,476,[취미/라이프],Squash Clay 쪼물쪼물 클레이,454만,8억3911만,803개
476,477,[미분류],퍼런안경_BLAS,454만,8억3911만,803개
477,478,[스포츠/운동],식빵언니 김연경 Bread Unnie,454만,8억3911만,803개
478,479,[키즈/어린이],뉴욕이랑 놀자 ♬,454만,8억3911만,803개
479,480,[키즈/어린이],토비아트 - TobiART,454만,8억3911만,803개
480,481,[미분류],제발돼라 PleaseBee,454만,8억3911만,803개
481,482,[영화/만화/애니],Tooniverse-투니버스,454만,8억3911만,803개
482,483,[취미/라이프],휘트니 whitney bae,454만,8억3911만,803개
483,484,[취미/라이프],탱구TV,454만,8억3911만,803개
484,485,[미분류],엄마의손맛,454만,8억3911만,803개
485,486,[IT/기술/컴퓨터],의학채널 비온뒤,454만,8억3911만,803개
486,487,[음악/댄스/가수],RealVIXX,454만,8억3911만,803개
487,488,[애완/반려동물],정브르,454만,8억3911만,803개
488,489,[게임],테스터훈 TesterHoon,454만,8억3911만,803개
489,490,[TV/방송],딩고 스토리 / dingo story,454만,8억3911만,803개
490,491,[게임],겜브링 GGAM BRING,454만,8억3911만,803개
491,492,[미분류],호갱구조대,454만,8억3911만,803개
492,493,[미분류],[AmiAmi]아미아미,454만,8억3911만,803개
493,494,[음식/요리/레시피],BenDeen,454만,8억3911만,803개
494,495,[TV/방송],걍밍경,454만,8억3911만,803개
495,496,[BJ/인물/연예인],ondo온도,454만,8억3911만,803개
496,497,[패션/미용],회사원A,454만,8억3911만,803개
497,498,[BJ/인물/연예인],박막례 할머니 Korea_Grandma,454만,8억3911만,803개
498,499,[미분류],Girls On Top,454만,8억3911만,803개
499,500,[BJ/인물/연예인],헌터퐝,454만,8억3911만,803개
500,501,[미분류],핏블리 FITVELY,454만,8억3911만,803개
501,502,[뉴스/정치/사회],빽능 - SBS 옛날 예능,454만,8억3911만,803개
502,503,[음악/댄스/가수],DaftTaengk,454만,8억3911만,803개
503,504,[음식/요리/레시피],우리의식탁 W TABLE,454만,8억3911만,803개
504,505,[취미/라이프],Kim Miso,454만,8억3911만,803개
505,506,[BJ/인물/연예인],공부왕찐천재 홍진경,454만,8억3911만,803개
506,507,[영화/만화/애니],Puuung,454만,8억3911만,803개
507,508,[영화/만화/애니],달빛뮤즈,454만,8억3911만,803개
508,509,[게임],악어 유튜브,454만,8억3911만,803개
509,510,[패션/미용],lamuqe,454만,8억3911만,803개
510,511,[음악/댄스/가수],Official A.C.E,454만,8억3911만,803개
511,512,[TV/방송],Coreaníssima 엘레나,454만,8억3911만,803개
512,513,[BJ/인물/연예인],요리왕비룡 Korean Food Cooking,454만,8억3911만,803개
513,514,[영화/만화/애니],Hello Jadoo TV 안녕 자두야,454만,8억3911만,803개
514,515,[음식/요리/레시피],DICKHUNTER딕헌터🌶,454만,8억3911만,803개
515,516,[음악/댄스/가수],성시경 SUNG SI KYUNG,454만,8억3911만,803개
516,517,[미분류],곽튜브KWAKTUBE,454만,8억3911만,803개
517,518,[뉴스/정치/사회],조선일보,454만,8억3911만,803개
518,519,[TV/방송],eaJ,454만,8억3911만,803개
519,520,[음식/요리/레시피],가르마[GARMA],454만,8억3911만,803개
520,521,[TV/방송],피키픽처스 Piki Pictures,454만,8억3911만,803개
521,522,[주식/경제/부동산],미래에셋 스마트머니,454만,8억3911만,803개
522,523,[뉴스/정치/사회],SBS Radio 에라오,454만,8억3911만,803개
523,524,[키즈/어린이],브레드이발소,454만,8억3911만,803개
524,525,[교육/강의],법륜스님의 즉문즉설,454만,8억3911만,803개
525,526,[뉴스/정치/사회],비디오머그 - VIDEOMUG,454만,8억3911만,803개
526,527,[음악/댄스/가수],SUPER SOUND Bugs!,454만,8억3911만,803개
527,528,[BJ/인물/연예인],수상한녀석들,454만,8억3911만,803개
528,529,[미분류],웅이woongei,454만,8억3911만,803개
529,530,[회사/오피셜],SM C&C STUDIO,454만,8억3911만,803개
530,531,[음악/댄스/가수],MORE THAN YOUTH,454만,8억3911만,803개
531,532,[TV/방송],티캐스트 tcast,454만,8억3911만,803개
532,533,[TV/방송],CJ ENM,454만,8억3911만,803개
533,534,[BJ/인물/연예인],Lia Kim,454만,8억3911만,803개
534,535,[BJ/인물/연예인],사나이 김기훈,454만,8억3911만,803개
535,536,[뉴스/정치/사회],딴지방송국,454만,8억3911만,803개
536,537,[애완/반려동물],haha ha,454만,8억3911만,803개
537,538,[음식/요리/레시피],수빙수tv sooBingsoo,454만,8억3911만,803개
538,539,[게임],Partition Zion,454만,8억3911만,803개
539,540,[음악/댄스/가수],MUPLY 뮤플리,454만,8억3911만,803개
540,541,[뉴스/정치/사회],연합뉴스TV,454만,8억3911만,803개
541,542,[음식/요리/레시피],스윗더미 . Sweet The MI,454만,8억3911만,803개
542,543,[취미/라이프],Bandung Oppa 반둥오빠,454만,8억3911만,803개
543,544,[미분류],RMC Sport,454만,8억3911만,803개
544,545,[미분류],키즐 kizzle,454만,8억3911만,803개
545,546,[취미/라이프],집꾸미기,454만,8억3911만,803개
546,547,[영화/만화/애니],B Man 삐맨,454만,8억3911만,803개
547,548,[패션/미용],다또아Daddoa,454만,8억3911만,803개
548,549,[BJ/인물/연예인],Cheri Hyeri 체리 혜리,454만,8억3911만,803개
549,550,[BJ/인물/연예인],크리스 [구 소련여자],454만,8억3911만,803개
550,551,[미분류],함께해요 맛나요리,454만,8억3911만,803개
551,552,[음식/요리/레시피],야식이,454만,8억3911만,803개
552,553,[영화/만화/애니],뭅뭅,454만,8억3911만,803개
553,554,[TV/방송],준우,454만,8억3911만,803개
554,555,[키즈/어린이],마시따 MASITTA,454만,8억3911만,803개
555,556,[음식/요리/레시피],야식이,454만,8억3911만,803개
556,557,[취미/라이프],rappeler하쁠리,454만,8억3911만,803개
557,558,[BJ/인물/연예인],강유미 yumi kang좋아서 하는 채널,454만,8억3911만,803개
558,559,[영화/만화/애니],PLAYY ANI 플레이애니,454만,8억3911만,803개
559,560,[음악/댄스/가수],CLC 씨엘씨 (Official YouTube Channel),454만,8억3911만,803개
560,561,[BJ/인물/연예인],턱형 (GOD-TUK),454만,8억3911만,803개
561,562,[뉴스/정치/사회],신인균의 국방TV,454만,8억3911만,803개
562,563,[키즈/어린이],Minicar Story 미니카 스토리,454만,8억3911만,803개
563,564,[음악/댄스/가수],강다니엘 KANGDANIEL,454만,8억3911만,803개
564,565,[미분류],지식한입,454만,8억3911만,803개
565,566,[음악/댄스/가수],KIM HYUN JOONG.official,454만,8억3911만,803개
566,567,[음식/요리/레시피],애주가TV참PD,454만,8억3911만,803개
567,568,[키즈/어린이],Boing Boing Kids,454만,8억3911만,803개
568,569,[키즈/어린이],나나의인형놀이 Nana'sDollPlay,454만,8억3911만,803개
569,570,[미분류],굿라이프,454만,8억3911만,803개
570,571,[미분류],스토리,454만,8억3911만,803개
571,572,[TV/방송],SK telecom,454만,8억3911만,803개
572,573,[뉴스/정치/사회],배승희 변호사,454만,8억3911만,803개
573,574,[키즈/어린이],퍼플 토이박스(Purple Toy Box),454만,8억3911만,803개
574,575,[주식/경제/부동산],[삼성증권] Samsung POP,454만,8억3911만,803개
575,576,[키즈/어린이],Jelly Pong,454만,8억3911만,803개
576,577,[TV/방송],옛능 : MBC 옛날 예능 다시보기,454만,8억3911만,803개
577,578,[뉴스/정치/사회],KBS 교양,454만,8억3911만,803개
578,579,[키즈/어린이],Toystar TV,454만,8억3911만,803개
579,580,[회사/오피셜],KB국민카드,454만,8억3911만,803개
580,581,[취미/라이프],효기심,454만,8억3911만,803개
581,582,[영화/만화/애니],드림텔러(DreamTeller),454만,8억3911만,803개
582,583,[국내/해외/여행],코이티비KOITV,454만,8억3911만,803개
583,584,[TV/방송],이슈텔러 issueTeller,454만,8억3911만,803개
584,585,[미분류],Tennis TV,454만,8억3911만,803개
585,586,[미분류],양장금주부,454만,8억3911만,803개
586,587,[키즈/어린이],woojoo우주,454만,8억3911만,803개
587,588,[음악/댄스/가수],PLEDIS ENTERTAINMENT,454만,8억3911만,803개
588,589,[음악/댄스/가수],CNBLUE (씨엔블루),454만,8억3911만,803개
589,590,[TV/방송],Dingo K-Drama,454만,8억3911만,803개
590,591,[TV/방송],z a m,454만,8억3911만,803개
591,592,[게임],기리TV,454만,8억3911만,803개
592,593,[게임],코너Korner,454만,8억3911만,803개
593,594,[취미/라이프],제이제이살롱드핏,454만,8억3911만,803개
594,595,[TV/방송],KBS동물티비 : 애니멀포유 animal4u,454만,8억3911만,803개
595,596,[TV/방송],KBS 1라디오,454만,8억3911만,803개
596,597,[게임],유키 YOUKI,454만,8억3911만,803개
597,598,[TV/방송],유병재,454만,8억3911만,803개
598,599,[미분류],빠더너스 BDNS,454만,8억3911만,803개
599,600,[음악/댄스/가수],UPVOTE Entertainment,454만,8억3911만,803개
600,601,[음식/요리/레시피],핫도그,454만,8억3911만,803개
601,602,[키즈/어린이],해피팸(Happy family),454만,8억3911만,803개
602,603,[미분류],꽉잡아윤기-Kwakyoongy,454만,8억3911만,803개
603,604,[미분류],짧은대본 ShortPaper,454만,8억3911만,803개
604,605,[TV/방송],KBS 같이삽시다,454만,8억3911만,803개
605,606,[해외],ZeeKay Junior,454만,8억3911만,803개
606,607,[해외],TNT,454만,8억3911만,803개
607,608,[음악/댄스/가수],Official fromis_9,454만,8억3911만,803개
608,609,[패션/미용],써니채널 Sunny's Channel,454만,8억3911만,803개
609,610,[패션/미용],LeoJ Makeup,454만,8억3911만,803개
610,611,[키즈/어린이],Paint Jelly,454만,8억3911만,803개
611,612,[미분류],KCON official,454만,8억3911만,803개
612,613,[미분류],이리오너라,454만,8억3911만,803개
613,614,[영화/만화/애니],WatchcarTV,454만,8억3911만,803개
614,615,[TV/방송],V LIVE,454만,8억3911만,803개
615,616,[국내/해외/여행],Rirang OnAir,454만,8억3911만,803개
616,617,[뉴스/정치/사회],엠빅뉴스,454만,8억3911만,803개
617,618,[게임],재넌Jaenune,454만,8억3911만,803개
618,619,[키즈/어린이],마이린 TV,454만,8억3911만,803개
619,620,[키즈/어린이],키글 토이 - 키즈 장난감,454만,8억3911만,803개
620,621,[미분류],알간지Alganzi,454만,8억3911만,803개
621,622,[미분류],토모토모TomoTomo,454만,8억3911만,803개
622,623,[미분류],Bravo jamoasi,454만,8억3911만,803개
623,624,[BJ/인물/연예인],상해기SangHyuk,454만,8억3911만,803개
624,625,[영화/만화/애니],신비아파트 공식채널 - Shinbi House,454만,8억3911만,803개
625,626,[게임],릴카,454만,8억3911만,803개
626,627,[미분류],하음쿠킹 Haeum Cooking,454만,8억3911만,803개
627,628,[해외],Variety,454만,8억3911만,803개
628,629,[영화/만화/애니],DAZBEE official,454만,8억3911만,803개
629,630,[영화/만화/애니],DinoCore TUBA,454만,8억3911만,803개
630,631,[TV/방송],sankokesl,454만,8억3911만,803개
631,632,[BJ/인물/연예인],유준호,454만,8억3911만,803개
632,633,[게임],돼지저금통,454만,8억3911만,803개
633,634,[음식/요리/레시피],맛있는 녀석들 (Tasty Guys),454만,8억3911만,803개
634,635,[키즈/어린이],토깽이네,454만,8억3911만,803개
635,636,[미분류],BODA 보다,454만,8억3911만,803개
636,637,[게임],괴물쥐 유튜브,454만,8억3911만,803개
637,638,[미분류],연스커플 Yeon's Couple,454만,8억3911만,803개
638,639,[미분류],채꾸똥꾸 (Cherry & Dong),454만,8억3911만,803개
639,640,[뉴스/정치/사회],Newstapa,454만,8억3911만,803개
640,641,[음악/댄스/가수],MUSIC&NEW 뮤직앤뉴,454만,8억3911만,803개
641,642,[TV/방송],뻑가 PPKKa,454만,8억3911만,803개
642,643,[TV/방송],fantagio 판타지오,454만,8억3911만,803개
643,644,[뉴스/정치/사회],한국경제TV,454만,8억3911만,803개
644,645,[음악/댄스/가수],라이징 보이스 | RISING VOICE,454만,8억3911만,803개
645,646,[BJ/인물/연예인],Sibong 시봉,454만,8억3911만,803개
646,647,[키즈/어린이],Bus Car Story 버스자동차 이야기,454만,8억3911만,803개
647,648,[미분류],집밥 korean home cooking,454만,8억3911만,803개
648,649,[음식/요리/레시피],입질의추억TV jiminTV,454만,8억3911만,803개
649,650,[음악/댄스/가수],OH MY GIRL,454만,8억3911만,803개
650,651,[키즈/어린이],Action Story 액션 스토리,454만,8억3911만,803개
651,652,[게임],쁘허,454만,8억3911만,803개
652,653,[게임],잉여맨 유튜브,454만,8억3911만,803개
653,654,[게임],램램TV,454만,8억3911만,803개
654,655,[BJ/인물/연예인],긱블 Geekble,454만,8억3911만,803개
655,656,[TV/방송],딩고 스튜디오 / dingo studio,454만,8억3911만,803개
656,657,[키즈/어린이],Toy box,454만,8억3911만,803개
657,658,[미분류],Family Kim 패밀리김,454만,8억3911만,803개
658,659,[미분류],Louis Vuitton,454만,8억3911만,803개
659,660,[키즈/어린이],주니토니 동요동화 - 키즈캐슬,454만,8억3911만,803개
660,661,[BJ/인물/연예인],내가조우남,454만,8억3911만,803개
661,662,[스포츠/운동],말왕TV,454만,8억3911만,803개
662,663,[게임],텔론,454만,8억3911만,803개
663,664,[미분류],랄로,454만,8억3911만,803개
664,665,[미분류],할명수,454만,8억3911만,803개
665,666,[음식/요리/레시피],고기남자 MeatMan,454만,8억3911만,803개
666,667,[미분류],주둥이방송,454만,8억3911만,803개
667,668,[미분류],정찬성 Korean Zombie,454만,8억3911만,803개
668,669,[음악/댄스/가수],MBC every1,454만,8억3911만,803개
669,670,[음악/댄스/가수],빅마블,454만,8억3911만,803개
670,671,[교육/강의],공부의신 강성태,454만,8억3911만,803개
671,672,[주식/경제/부동산],부읽남TV_내집마련부터건물주까지,454만,8억3911만,803개
672,673,[애완/반려동물],소녀의행성 Girlsplanet,454만,8억3911만,803개
673,674,[TV/방송],밍꼬발랄Mingggo,454만,8억3911만,803개
674,675,[키즈/어린이],POYO Music Official,454만,8억3911만,803개
675,676,[키즈/어린이],뚜아뚜지TV,454만,8억3911만,803개
676,677,[BJ/인물/연예인],U.M.A.우마,454만,8억3911만,803개
677,678,[자동차],우파푸른하늘Woopa TV,454만,8억3911만,803개
678,679,[패션/미용],디렉터 파이,454만,8억3911만,803개
679,680,[키즈/어린이],판타스틱  패밀리,454만,8억3911만,803개
680,681,[미분류],KPOP JAMM,454만,8억3911만,803개
681,682,[키즈/어린이],JoyKids,454만,8억3911만,803개
682,683,[게임],킴성태TV,454만,8억3911만,803개
683,684,[패션/미용],안다 ANDA,454만,8억3911만,803개
684,685,[TV/방송],YG TREASURE BOX,454만,8억3911만,803개
685,686,[음식/요리/레시피],얌무YAMMoo,454만,8억3911만,803개
686,687,[BJ/인물/연예인],하하 PD HAHA PD,454만,8억3911만,803개
687,688,[음악/댄스/가수],H1GHR MUSIC,454만,8억3911만,803개
688,689,[음악/댄스/가수],SF9,454만,8억3911만,803개
689,690,[BJ/인물/연예인],슛뚜sueddu,454만,8억3911만,803개
690,691,[미분류],deemd 딤디,454만,8억3911만,803개
691,692,[음식/요리/레시피],삼대장 Samdaejang,454만,8억3911만,803개
692,693,[미분류],요리용디 Yori Yongd,454만,8억3911만,803개
693,694,[TV/방송],뉴스엔·NewsenTV·KOREA Entertainment news,454만,8억3911만,803개
694,695,[자동차],김한용의 MOCAR,454만,8억3911만,803개
695,696,[BJ/인물/연예인],소근부부 S.K.Couple,454만,8억3911만,803개
696,697,[미분류],이재성 박사의 식탁보감,454만,8억3911만,803개
697,698,[취미/라이프],츄팝,454만,8억3911만,803개
698,699,[TV/방송],덕출 : DCTVGO,454만,8억3911만,803개
699,700,[TV/방송],바바요 by iHQ,454만,8억3911만,803개
700,701,[뉴스/정치/사회],[팟빵] 매불쇼,454만,8억3911만,803개
701,702,[키즈/어린이],Robot Trains official,454만,8억3911만,803개
702,703,[게임],액션홍구,454만,8억3911만,803개
703,704,[뉴스/정치/사회],서울의소리 Voice of Seoul,454만,8억3911만,803개
704,705,[키즈/어린이],프리티에스더 PrettyEsther,454만,8억3911만,803개
705,706,[취미/라이프],ColorMonsters Toy,454만,8억3911만,803개
706,707,[키즈/어린이],신나TV,454만,8억3911만,803개
707,708,[미분류],육식맨 YOOXICMAN,454만,8억3911만,803개
708,709,[미분류],[ASMR]nara_나라,454만,8억3911만,803개
709,710,[미분류],유우키의 일본이야기 YUUKI,454만,8억3911만,803개
710,711,[게임],T1,454만,8억3911만,803개
711,712,[미분류],[윤이련]50년 요리비결,454만,8억3911만,803개
712,713,[교육/강의],친절한 대학,454만,8억3911만,803개
713,714,[교육/강의],닥터프렌즈,454만,8억3911만,803개
714,715,[미분류],시니어전성시대,454만,8억3911만,803개
715,716,[패션/미용],Saerom Min개코의 오픈스튜디오,454만,8억3911만,803개
716,717,[음악/댄스/가수],ALiEN,454만,8억3911만,803개
717,718,[BJ/인물/연예인],성수커플 - S.S Couple,454만,8억3911만,803개
718,719,[TV/방송],배꼽빌라,454만,8억3911만,803개
719,720,[키즈/어린이],드래곤디🎵 | 키즈 율동 동요,454만,8억3911만,803개
720,721,[미분류],밀라논나 Milanonna,454만,8억3911만,803개
721,722,[TV/방송],Zaty Farhani,454만,8억3911만,803개
722,723,[TV/방송],Kyunghamin твоя корейская онни,454만,8억3911만,803개
723,724,[뉴스/정치/사회],MTN 머니투데이방송,454만,8억3911만,803개
724,725,[TV/방송],KBS N,454만,8억3911만,803개
725,726,[음악/댄스/가수],장범준,454만,8억3911만,803개
726,727,[미분류],집나간아들 Runaway Son,454만,8억3911만,803개
727,728,[게임],범석TV,454만,8억3911만,803개
728,729,[게임],GCL 지씨엘,454만,8억3911만,803개
729,730,[애완/반려동물],냥이아빠,454만,8억3911만,803개
730,731,[키즈/어린이],TOMONCAR,454만,8억3911만,803개
731,732,[미분류],1분만,454만,8억3911만,803개
732,733,[TV/방송],이라이라경 ravely,454만,8억3911만,803개
733,734,[미분류],KBS 레전드 케이팝,454만,8억3911만,803개
734,735,[뉴스/정치/사회],CBS 김현정의 뉴스쇼,454만,8억3911만,803개
735,736,[음식/요리/레시피],SOF,454만,8억3911만,803개
736,737,[게임],Dorami,454만,8억3911만,803개
737,738,[BJ/인물/연예인],띠미 ddimmi,454만,8억3911만,803개
738,739,[미분류],VOGUE Taiwan,454만,8억3911만,803개
739,740,[영화/만화/애니],구불,454만,8억3911만,803개
740,741,[미분류],과학드림 [Science Dream],454만,8억3911만,803개
741,742,[게임],탁주 TV,454만,8억3911만,803개
742,743,[음악/댄스/가수],LJ Dance,454만,8억3911만,803개
743,744,[게임],김왼팔,454만,8억3911만,803개
744,745,[국내/해외/여행],Sophie Kim _하은,454만,8억3911만,803개
745,746,[교육/강의],라이브 아카데미,454만,8억3911만,803개
746,747,[영화/만화/애니],STUDIO LICO,454만,8억3911만,803개
747,748,[음식/요리/레시피],THE BOB - 더 밥 스튜디오,454만,8억3911만,803개
748,749,[애완/반려동물],다흑,454만,8억3911만,803개
749,750,[미분류],leeminho film,454만,8억3911만,803개
750,751,[미분류],김창옥TV,454만,8억3911만,803개
751,752,[미분류],이영지,454만,8억3911만,803개
752,753,[취미/라이프],Dana ASMR,454만,8억3911만,803개
753,754,[음악/댄스/가수],missA,454만,8억3911만,803개
754,755,[TV/방송],하나키키 Hanakiki,454만,8억3911만,803개
755,756,[미분류],메리니즈부엌Meliniskitchen,454만,8억3911만,803개
756,757,[국내/해외/여행],EBS 컬렉션 - 라이프스타일,454만,8억3911만,803개
757,758,[BJ/인물/연예인],남순 NS,454만,8억3911만,803개
758,759,[키즈/어린이],Boram Tube Friends,454만,8억3911만,803개
759,760,[TV/방송],TongTongCulture,454만,8억3911만,803개
760,761,[음악/댄스/가수],PARK JIHOON Official,454만,8억3911만,803개
761,762,[음식/요리/레시피],허미노MINO,454만,8억3911만,803개
762,763,[키즈/어린이],로보카폴리 TV,454만,8억3911만,803개
763,764,[키즈/어린이],메카드 - MECARD OFFICIAL,454만,8억3911만,803개
764,765,[교육/강의],법륜스님의 희망세상만들기,454만,8억3911만,803개
765,766,[영화/만화/애니],람다람 RAMDARAM,454만,8억3911만,803개
766,767,[키즈/어린이],고고다이노,454만,8억3911만,803개
767,768,[TV/방송],히스토리,454만,8억3911만,803개
768,769,[미분류],달리 [SBS 교양 공식채널],454만,8억3911만,803개
769,770,[TV/방송],Megan Moon,454만,8억3911만,803개
770,771,[게임],군림보,454만,8억3911만,803개
771,772,[IT/기술/컴퓨터],1분과학,454만,8억3911만,803개
772,773,[미분류],싱글벙글,454만,8억3911만,803개
773,774,[TV/방송],MAXIM KOREA,454만,8억3911만,803개
774,775,[키즈/어린이],롤롤라임[lollolraim],454만,8억3911만,803개
775,776,[음악/댄스/가수],Healing Meditation,454만,8억3911만,803개
776,777,[음악/댄스/가수],PianiCast - 피아니캐스트,454만,8억3911만,803개
777,778,[미분류],조여사전성시대,454만,8억3911만,803개
778,779,[미분류],CU [씨유튜브],454만,8억3911만,803개
779,780,[패션/미용],윤쨔미 YoonCharmi,454만,8억3911만,803개
780,781,[음악/댄스/가수],HYOLYN 효린,454만,8억3911만,803개
781,782,[게임],머독방송,454만,8억3911만,803개
782,783,[미분류],지식해적단,454만,8억3911만,803개
783,784,[BJ/인물/연예인],(MUTUBE)와꾸대장봉준,454만,8억3911만,803개
784,785,[미분류],미션 파서블,454만,8억3911만,803개
785,786,[키즈/어린이],베이비버스 장난감 친구들!,454만,8억3911만,803개
786,787,[미분류],직업의모든것,454만,8억3911만,803개
787,788,[음식/요리/레시피],서담 seodam,454만,8억3911만,803개
788,789,[미분류],너 진짜 똑똑하다,454만,8억3911만,803개
789,790,[미분류],랄랄ralral,454만,8억3911만,803개
790,791,[뉴스/정치/사회],전옥현 안보정론TV,454만,8억3911만,803개
791,792,[게임],마재TV,454만,8억3911만,803개
792,793,[영화/만화/애니],빨강도깨비,454만,8억3911만,803개
793,794,[음악/댄스/가수],HOLLAND,454만,8억3911만,803개
794,795,[게임],울산큰고래 박성주,454만,8억3911만,803개
795,796,[게임],Charming Jo 조매력,454만,8억3911만,803개
796,797,[취미/라이프],Soy ASMR,454만,8억3911만,803개
797,798,[TV/방송],타임스낵,454만,8억3911만,803개
798,799,[TV/방송],라이프타임,454만,8억3911만,803개
799,800,[뉴스/정치/사회],채널A 뉴스TOP10,454만,8억3911만,803개
800,801,[취미/라이프],달려라치킨 Dalchi,454만,8억3911만,803개
801,802,[TV/방송],김이브님 [kim eve],454만,8억3911만,803개
802,803,[미분류],TAEYONG,454만,8억3911만,803개
803,804,[미분류],복지마블TV [Welfare Marble],454만,8억3911만,803개
804,805,[패션/미용],Jella젤라,454만,8억3911만,803개
805,806,[음악/댄스/가수],HEADLINER,454만,8억3911만,803개
806,807,[음악/댄스/가수],wondergirls,454만,8억3911만,803개
807,808,[뉴스/정치/사회],스브스뉴스 SUBUSUNEWS,454만,8억3911만,803개
808,809,[미분류],랭킹스쿨 Ranking School,454만,8억3911만,803개
809,810,[미분류],과나gwana,454만,8억3911만,803개
810,811,[뉴스/정치/사회],MBC 라디오 시사,454만,8억3911만,803개
811,812,[뉴스/정치/사회],가로세로연구소,454만,8억3911만,803개
812,813,[미분류],ROKSEAL,454만,8억3911만,803개
813,814,[음악/댄스/가수],TSENT2008,454만,8억3911만,803개
814,815,[IT/기술/컴퓨터],오빠두엑셀 l 엑셀 강의 대표채널,454만,8억3911만,803개
815,816,[게임],연다,454만,8억3911만,803개
816,817,[TV/방송],김달,454만,8억3911만,803개
817,818,[게임],테드TV,454만,8억3911만,803개
818,819,[미분류],꼰대희,454만,8억3911만,803개
819,820,[취미/라이프],이연LEEYEON,454만,8억3911만,803개
820,821,[미분류],임한올 Hanol Rim,454만,8억3911만,803개
821,822,[영화/만화/애니],토킹톰앤프렌즈,454만,8억3911만,803개
822,823,[패션/미용],UNA 유나,454만,8억3911만,803개
823,824,[음악/댄스/가수],• m i n a m o c h i •,454만,8억3911만,803개
824,825,[음악/댄스/가수],OFFICIAL EPIK HIGH,454만,8억3911만,803개
825,826,[미분류],Cookie Run: Kingdom,454만,8억3911만,803개
826,827,[음악/댄스/가수],VICTON 빅톤,454만,8억3911만,803개
827,828,[미분류],815머니톡,454만,8억3911만,803개
828,829,[미분류],The Sons,454만,8억3911만,803개
829,830,[미분류],지피티,454만,8억3911만,803개
830,831,[BJ/인물/연예인],풍자테레비,454만,8억3911만,803개
831,832,[키즈/어린이],ToyCheff,454만,8억3911만,803개
832,833,[키즈/어린이],Enjoy Toys Shin,454만,8억3911만,803개
833,834,[TV/방송],트래블튜브,454만,8억3911만,803개
834,835,[미분류],지기TV,454만,8억3911만,803개
835,836,[미분류],샾잉 #ing,454만,8억3911만,803개
836,837,[BJ/인물/연예인],SUNBA선바,454만,8억3911만,803개
837,838,[TV/방송],KBS Entertain: 깔깔티비,454만,8억3911만,803개
838,839,[뉴스/정치/사회],성제준,454만,8억3911만,803개
839,840,[음식/요리/레시피],뽐뽐뽐,454만,8억3911만,803개
840,841,[취미/라이프],Mimine Miniature 미미네 미니어처,454만,8억3911만,803개
841,842,[미분류],건나물TV,454만,8억3911만,803개
842,843,[미분류],BRUSH,454만,8억3911만,803개
843,844,[애완/반려동물],속삭이는몽자,454만,8억3911만,803개
844,845,[뉴스/정치/사회],고성국TV,454만,8억3911만,803개
845,846,[음악/댄스/가수],Jenny Yun,454만,8억3911만,803개
846,847,[키즈/어린이],PinkFongFongToys [핑크퐁퐁토이즈],454만,8억3911만,803개
847,848,[뉴스/정치/사회],이봉규TV,454만,8억3911만,803개
848,849,[패션/미용],areumsongee아름송이,454만,8억3911만,803개
849,850,[TV/방송],찬우살이,454만,8억3911만,803개
850,851,[미분류],TOP MEDIA,454만,8억3911만,803개
851,852,[TV/방송],smile -wA-,454만,8억3911만,803개
852,853,[BJ/인물/연예인],쿠쿠크루 - Cuckoo Crew,454만,8억3911만,803개
853,854,[TV/방송],핫소스,454만,8억3911만,803개
854,855,[키즈/어린이],LarvaKIDS TUBA,454만,8억3911만,803개
855,856,[미분류],오늘의 주우재,454만,8억3911만,803개
856,857,[미분류],DAWN,454만,8억3911만,803개
857,858,[키즈/어린이],호기! 핑크퐁 - 놀면서 배워요,454만,8억3911만,803개
858,859,[음악/댄스/가수],DKDKTV,454만,8억3911만,803개
859,860,[패션/미용],Heejoo 희주,454만,8억3911만,803개
860,861,[음악/댄스/가수],CL,454만,8억3911만,803개
861,862,[게임],김성회의 G식백과,454만,8억3911만,803개
862,863,[미분류],ZICO,454만,8억3911만,803개
863,864,[교육/강의],동심파괴,454만,8억3911만,803개
864,865,[미분류],논리왕 전기,454만,8억3911만,803개
865,866,[키즈/어린이],우가놀이 WOOGA play,454만,8억3911만,803개
866,867,[미분류],천재견 사월이sawol,454만,8억3911만,803개
867,868,[영화/만화/애니],어퍼컷Tube,454만,8억3911만,803개
868,869,[음악/댄스/가수],BRANDNEW MUSIC,454만,8억3911만,803개
869,870,[게임],밍모,454만,8억3911만,803개
870,871,[주식/경제/부동산],E트렌드,454만,8억3911만,803개
871,872,[취미/라이프],희철리즘Heechulism,454만,8억3911만,803개
872,873,[미분류],셜록현준,454만,8억3911만,803개
873,874,[뉴스/정치/사회],팩트TV NEWS,454만,8억3911만,803개
874,875,[미분류],sissel,454만,8억3911만,803개
875,876,[미분류],깨방정,454만,8억3911만,803개
876,877,[TV/방송],하루 1분,454만,8억3911만,803개
877,878,[키즈/어린이],로봇알포 ARPO The Robot,454만,8억3911만,803개
878,879,[TV/방송],LDF TV by lottedutyfree,454만,8억3911만,803개
879,880,[영화/만화/애니],UTZI웃지,454만,8억3911만,803개
880,881,[키즈/어린이],Ace Art 에이스 아트,454만,8억3911만,803개
881,882,[미분류],에버랜드 - EVERLAND,454만,8억3911만,803개
882,883,[키즈/어린이],리틀조이 LittleJoy,454만,8억3911만,803개
883,884,[음식/요리/레시피],영자씨의 부엌Young-Ja's Kitchen,454만,8억3911만,803개
884,885,[뉴스/정치/사회],펜앤드마이크TV,454만,8억3911만,803개
885,886,[미분류],팀일루션 노성율 - TEAM1LLUSION,454만,8억3911만,803개
886,887,[뉴스/정치/사회],여수MBC Music+(Kpop&Trot),454만,8억3911만,803개
887,888,[게임],수탉,454만,8억3911만,803개
888,889,[게임],LCK,454만,8억3911만,803개
889,890,[미분류],집나간햄지 Wandering Hamzy,454만,8억3911만,803개
890,891,[TV/방송],스튜디오 룰루랄라 디랩 - SLLDLAB,454만,8억3911만,803개
891,892,[영화/만화/애니],Sechi,454만,8억3911만,803개
892,893,[키즈/어린이],조이퐁 JOYPONG,454만,8억3911만,803개
893,894,[미분류],프응TV,454만,8억3911만,803개
894,895,[TV/방송],tweety 트위티,454만,8억3911만,803개
895,896,[키즈/어린이],버섯도리,454만,8억3911만,803개
896,897,[취미/라이프],Ouvir 오비르,454만,8억3911만,803개
897,898,[미분류],청정구역,454만,8억3911만,803개
898,899,[미분류],쿡피아 Cookpia,454만,8억3911만,803개
899,900,[애완/반려동물],솜이네 곰이탱이여우,454만,8억3911만,803개
900,901,[TV/방송],코미꼬,454만,8억3911만,803개
901,902,[뉴스/정치/사회],연합뉴스 Yonhapnews,454만,8억3911만,803개
902,903,[음악/댄스/가수],MBC WORLD,454만,8억3911만,803개
903,904,[미분류],조나단,454만,8억3911만,803개
904,905,[미분류],유 퀴즈 온 더 튜브,454만,8억3911만,803개
905,906,[TV/방송],STUDIO DIA 스튜디오 다이아,454만,8억3911만,803개
906,907,[음악/댄스/가수],HyunA 현아 (Official YouTube Channel),454만,8억3911만,803개
907,908,[취미/라이프],공구왕황부장,454만,8억3911만,803개
908,909,[회사/오피셜],LG Uplus,454만,8억3911만,803개
909,910,[음식/요리/레시피],키미 Kimi,454만,8억3911만,803개
910,911,[BJ/인물/연예인],StimBoy스팀보이,454만,8억3911만,803개
911,912,[TV/방송],제이제이,454만,8억3911만,803개
912,913,[TV/방송],POWER MOVIE,454만,8억3911만,803개
913,914,[미분류],교양만두,454만,8억3911만,803개
914,915,[교육/강의],입시덕후,454만,8억3911만,803개
915,916,[미분류],빵먹다살찐떡,454만,8억3911만,803개
916,917,[음식/요리/레시피],인아짱 Inah Eats,454만,8억3911만,803개
917,918,[스포츠/운동],JK 아트사커 온라인,454만,8억3911만,803개
918,919,[미분류],하알라,454만,8억3911만,803개
919,920,[교육/강의],BLACK DOOR,454만,8억3911만,803개
920,921,[키즈/어린이],JOYJOY KIDS[조이조이키즈],454만,8억3911만,803개
921,922,[패션/미용],한별Hanbyul,454만,8억3911만,803개
922,923,[교육/강의],미미미누,454만,8억3911만,803개
923,924,[TV/방송],디스패치 / Dispatch,454만,8억3911만,803개
924,925,[미분류],TVCHOSUN JOY,454만,8억3911만,803개
925,926,[음악/댄스/가수],Yuni Marimba 유니 마림바,454만,8억3911만,803개
926,927,[뉴스/정치/사회],[공식] 새날,454만,8억3911만,803개
927,928,[TV/방송],MBC 미스터리 : 심야괴담회 X 서프라이즈,454만,8억3911만,803개
928,929,[취미/라이프],김나영의 nofilterTV,454만,8억3911만,803개
929,930,[미분류],VIVINOS,454만,8억3911만,803개
930,931,[취미/라이프],DanoTV,454만,8억3911만,803개
931,932,[TV/방송],매미킴 TV,454만,8억3911만,803개
932,933,[키즈/어린이],뽀로로 타요 장난감 놀이교실,454만,8억3911만,803개
933,934,[키즈/어린이],애니한TV AnnieHanTV,454만,8억3911만,803개
934,935,[키즈/어린이],프랭키 키즈 TV LET'S PLAY FRANKY !,454만,8억3911만,803개
935,936,[음악/댄스/가수],임창정,454만,8억3911만,803개
936,937,[미분류],천뚱TV,454만,8억3911만,803개
937,938,[BJ/인물/연예인],케이,454만,8억3911만,803개
938,939,[미분류],코믹마트,454만,8억3911만,803개
939,940,[미분류],[에일리 OFFICIAL] aileemusic,454만,8억3911만,803개
940,941,[뉴스/정치/사회],이재명,454만,8억3911만,803개
941,942,[키즈/어린이],코코몽 COCOMONG TV - Cartoon & Song For Kids,454만,8억3911만,803개
942,943,[BJ/인물/연예인],bobaepapa - 보배아빠,454만,8억3911만,803개
943,944,[TV/방송],별놈들,454만,8억3911만,803개
944,945,[패션/미용],아옳이,454만,8억3911만,803개
945,946,[영화/만화/애니],홍시네마,454만,8억3911만,803개
946,947,[미분류],옆집언니 최실장 stylist unnie,454만,8억3911만,803개
947,948,[미분류],TVING,454만,8억3911만,803개
948,949,[미분류],버미쌤,454만,8억3911만,803개
949,950,[미분류],CBS Sports Golazo,454만,8억3911만,803개
950,951,[주식/경제/부동산],전인구경제연구소,454만,8억3911만,803개
951,952,[미분류],SM STATION,454만,8억3911만,803개
952,953,[미분류],바라던 바다,454만,8억3911만,803개
953,954,[키즈/어린이],Troom Troom Kr,454만,8억3911만,803개
954,955,[취미/라이프],공대생가족 GDSF,454만,8억3911만,803개
955,956,[미분류],123 GO! Korean,454만,8억3911만,803개
956,957,[음악/댄스/가수],B1A4 OFFICIAL +,454만,8억3911만,803개
957,958,[TV/방송],KBS역사저널 그날,454만,8억3911만,803개
958,959,[음악/댄스/가수],Bigman,454만,8억3911만,803개
959,960,[음악/댄스/가수],Crush,454만,8억3911만,803개
960,961,[미분류],나르시Narci,454만,8억3911만,803개
961,962,[뉴스/정치/사회],YTN 돌았저 - 돌발영상 / 뉴있저,454만,8억3911만,803개
962,963,[회사/오피셜],신한카드,454만,8억3911만,803개
963,964,[교육/강의],Conversational Korean,454만,8억3911만,803개
964,965,[키즈/어린이],지호토이TV JIHOTOY,454만,8억3911만,803개
965,966,[패션/미용],김습습Double Soup,454만,8억3911만,803개
966,967,[미분류],송슐랭 가이드 - SONGCHELIN GUIDE,454만,8억3911만,803개
967,968,[게임],스페셜솔져 - 모바일FPS,454만,8억3911만,803개
968,969,[패션/미용],sunnydahye,454만,8억3911만,803개
969,970,[TV/방송],목포MBC 가요센터,454만,8억3911만,803개
970,971,[TV/방송],시미켄 TV,454만,8억3911만,803개
971,972,[패션/미용],트윈데이 TWINDAY,454만,8억3911만,803개
972,973,[미분류],놀면서 배우는 심리학,454만,8억3911만,803개
973,974,[키즈/어린이],간니닌니 패밀리,454만,8억3911만,803개
974,975,[패션/미용],yeondukong 연두콩,454만,8억3911만,803개
975,976,[미분류],백크 Baekk,454만,8억3911만,803개
976,977,[미분류],Everton Football Club,454만,8억3911만,803개
977,978,[게임],러너꽃빈,454만,8억3911만,803개
978,979,[미분류],밉지않은 관종언니,454만,8억3911만,803개
979,980,[TV/방송],KBS여행 걸어서 세계속으로,454만,8억3911만,803개
980,981,[TV/방송],KBS COMEDY: 크큭티비,454만,8억3911만,803개
981,982,[게임],두치와뿌꾸,454만,8억3911만,803개
982,983,[TV/방송],Spinel CAM,454만,8억3911만,803개
983,984,[미분류],성창경TV,454만,8억3911만,803개
984,985,[음악/댄스/가수],MBK Entertainment [Official],454만,8억3911만,803개
985,986,[TV/방송],백만뷰,454만,8억3911만,803개
986,987,[교육/강의],굉장한 실험실,454만,8억3911만,803개
987,988,[IT/기술/컴퓨터],UNDERkg,454만,8억3911만,803개
988,989,[TV/방송],NICKY니키,454만,8억3911만,803개
989,990,[미분류],근황올림픽,454만,8억3911만,803개
990,991,[미분류],뀨러기 [kkyuleogi],454만,8억3911만,803개
991,992,[뉴스/정치/사회],MBC PD수첩,454만,8억3911만,803개
992,993,[키즈/어린이],ToyMoon토이문,454만,8억3911만,803개
993,994,[음악/댄스/가수],Beecompany 비컴퍼니,454만,8억3911만,803개
994,995,[뉴스/정치/사회],국방TV,454만,8억3911만,803개
995,996,[미분류],신사장,454만,8억3911만,803개
996,997,[IT/기술/컴퓨터],안될과학 Unrealscience,454만,8억3911만,803개
997,998,[BJ/인물/연예인],대륙남TV [clark tv],454만,8억3911만,803개
998,999,[키즈/어린이],꾸삐KUPI,454만,8억3911만,803개
999,1000,[미분류],음뫄 핫소스,454만,8억3911만,803개
